Unnamed: 0,è¾²æ¥­ï¼ææ¥­,_table,æ¼æ¥­,é±æ¥­ï¼æ¡ç³æ¥­ï¼ç å©æ¡åæ¥­,å»ºè¨­æ¥­,è£½é æ¥­,é»æ°ã»ã¬ã¹ã»ç±ä¾çµ¦ã»æ°´éæ¥­,æå ±éä¿¡æ¥­,éè¼¸æ¥­ï¼éµä¾¿æ¥­,å¸å£²æ¥­ã»å°å£²æ¥­,éèæ¥­ã»ä¿éºæ¥­,ä¸åç£æ¥­ï¼ç©åè³è²¸æ¥­,å­¦è¡ç ç©¶ï¼å°éã»æè¡ãµã¼ãã¹æ¥­,å®¿æ³æ¥­ï¼é£²é£ãµã¼ãã¹æ¥­,çæ´»é¢é£ãµã¼ãã¹æ¥­ï¼å¨¯æ¥½æ¥­,æè²ï¼å­¦ç¿æ¯æ´æ¥­,å»çï¼ç¦ç¥,è¤åãµã¼ãã¹äºæ¥­,ãµã¼ãã¹æ¥­ï¼ä»ã«åé¡ãããªããã®ï¼,å¬åï¼ä»ã«åé¡ããããã®ãé¤ãï¼,åé¡ä¸è½ã®ç£æ¥­
1,è¾²æ¥­,0,,,,,,,,,,,,,,,,,,,
2,ææ¥­,0,,,,,,,,,,,,,,,,,,,
3,,1,æ¼æ¥­ï¼æ°´ç£é¤æ®æ¥­ãé¤ãï¼,,,,,,,,,,,,,,,,,,
4,,1,æ°´ç£é¤æ®æ¥­,,,,,,,,,,,,,,,,,,
5,,2,,é±æ¥­ï¼æ¡ç³æ¥­ï¼ç å©æ¡åæ¥­,,,,,,,,,,,,,,,,,
6,,3,,,ç·åå·¥äºæ¥­,,,,,,,,,,,,,,,,
7,,3,,,è·å¥å·¥äºæ¥­ï¼è¨­åå·¥äºæ¥­ãé¤ãï¼,,,,,,,,,,,,,,,,
8,,3,,,è¨­åå·¥äºæ¥­,,,,,,,,,,,,,,,,
9,,4,,,,é£æåè£½é æ¥­,,,,,,,,,,,,,,,
10,,4,,,,é£²æã»ãã°ãã»é£¼æè£½é æ¥­,,,,,,,,,,,,,,,
11,,4,,,,ç¹ç¶­å·¥æ¥­,,,,,,,,,,,,,,,
12,,4,,,,æ¨æã»æ¨è£½åè£½é æ¥­ï¼å®¶å·ãé¤ãï¼,,,,,,,,,,,,,,,
13,,4,,,,å®¶å·ã»è£ååè£½é æ¥­,,,,,,,,,,,,,,,
14,,4,,,,ãã«ãã»ç´ã»ç´å å·¥åè£½é æ¥­,,,,,,,,,,,,,,,
15,,4,,,,å°å·ã»åé¢é£æ¥­,,,,,,,,,,,,,,,
16,,4,,,,åå­¦å·¥æ¥­,,,,,,,,,,,,,,,
17,,4,,,,ç³æ²¹è£½åã»ç³ç­è£½åè£½é æ¥­,,,,,,,,,,,,,,,
18,,4,,,,ãã©ã¹ããã¯è£½åè£½é æ¥­ï¼å¥æ²ãé¤ãï¼,,,,,,,,,,,,,,,
19,,4,,,,ã´ã è£½åè£½é æ¥­,,,,,,,,,,,,,,,
20,,4,,,,ãªããé©ã»åè£½åã»æ¯ç®è£½é æ¥­,,,,,,,,,,,,,,,
21,,4,,,,çª¯æ¥­ã»åç³è£½åè£½é æ¥­,,,,,,,,,,,,,,,
22,,4,,,,éé¼æ¥­,,,,,,,,,,,,,,,
23,,4,,,,éééå±è£½é æ¥­,,,,,,,,,,,,,,,
24,,4,,,,éå±è£½åè£½é æ¥­,,,,,,,,,,,,,,,
25,,4,,,,ã¯ãç¨æ©æ¢°å¨å·è£½é æ¥­,,,,,,,,,,,,,,,
26,,4,,,,çç£ç¨æ©æ¢°å¨å·è£½é æ¥­,,,,,,,,,,,,,,,
27,,4,,,,æ¥­åç¨æ©æ¢°å¨å·è£½é æ¥­,,,,,,,,,,,,,,,
28,,4,,,,é»å­é¨åã»ããã¤ã¹ã»é»å­åè·¯è£½é æ¥­,,,,,,,,,,,,,,,
29,,4,,,,é»æ°æ©æ¢°å¨å·è£½é æ¥­,,,,,,,,,,,,,,,
30,,4,,,,æå ±éä¿¡æ©æ¢°å¨å·è£½é æ¥­,,,,,,,,,,,,,,,
31,,4,,,,è¼¸éç¨æ©æ¢°å¨å·è£½é æ¥­,,,,,,,,,,,,,,,
32,,4,,,,ãã®ä»ã®è£½é æ¥­,,,,,,,,,,,,,,,
33,,5,,,,,é»æ°æ¥­,,,,,,,,,,,,,,
34,,5,,,,,ã¬ã¹æ¥­,,,,,,,,,,,,,,
35,,5,,,,,ç±ä¾çµ¦æ¥­,,,,,,,,,,,,,,
36,,5,,,,,æ°´éæ¥­,,,,,,,,,,,,,,
37,,6,,,,,,éä¿¡æ¥­,,,,,,,,,,,,,
38,,6,,,,,,æ¾éæ¥­,,,,,,,,,,,,,
39,,6,,,,,,æå ±ãµã¼ãã¹æ¥­,,,,,,,,,,,,,
40,,6,,,,,,ã¤ã³ã¿ã¼ãããééãµã¼ãã¹æ¥­,,,,,,,,,,,,,
41,,6,,,,,,æ åã»é³å£°ã»æå­æå ±å¶ä½æ¥­,,,,,,,,,,,,,
42,,7,,,,,,,ééæ¥­,,,,,,,,,,,,
43,,7,,,,,,,éè·¯æå®¢ééæ¥­,,,,,,,,,,,,
44,,7,,,,,,,éè·¯è²¨ç©ééæ¥­,,,,,,,,,,,,
45,,7,,,,,,,æ°´éæ¥­,,,,,,,,,,,,
46,,7,,,,,,,èªç©ºéè¼¸æ¥­,,,,,,,,,,,,
47,,7,,,,,,,ååº«æ¥­,,,,,,,,,,,,
48,,7,,,,,,,éè¼¸ã«éå¸¯ãããµã¼ãã¹æ¥­,,,,,,,,,,,,
49,,7,,,,,,,éµä¾¿æ¥­ï¼ä¿¡æ¸ä¾¿äºæ¥­ãå«ãï¼,,,,,,,,,,,,
50,,8,,,,,,,,åç¨®ååå¸å£²æ¥­,,,,,,,,,,,
51,,8,,,,,,,,ç¹ç¶­ã»è¡£æç­å¸å£²æ¥­,,,,,,,,,,,
52,,8,,,,,,,,é£²é£æåå¸å£²æ¥­,,,,,,,,,,,
53,,8,,,,,,,,å»ºç¯ææï¼é±ç©ã»éå±ææç­å¸å£²æ¥­,,,,,,,,,,,
54,,8,,,,,,,,æ©æ¢°å¨å·å¸å£²æ¥­,,,,,,,,,,,
55,,8,,,,,,,,ãã®ä»ã®å¸å£²æ¥­,,,,,,,,,,,
56,,8,,,,,,,,åç¨®ååå°å£²æ¥­,,,,,,,,,,,
57,,8,,,,,,,,ç¹ç©ã»è¡£æã»èº«ã®åãåå°å£²æ¥­,,,,,,,,,,,
58,,8,,,,,,,,é£²é£æåå°å£²æ¥­,,,,,,,,,,,
59,,8,,,,,,,,æ©æ¢°å¨å·å°å£²æ¥­,,,,,,,,,,,
60,,8,,,,,,,,ãã®ä»ã®å°å£²æ¥­,,,,,,,,,,,
61,,8,,,,,,,,ç¡åºèå°å£²æ¥­,,,,,,,,,,,
62,,9,,,,,,,,,éè¡æ¥­,,,,,,,,,,
63,,9,,,,,,,,,ååçµç¹éèæ¥­,,,,,,,,,,
64,,9,,,,,,,,,è²¸éæ¥­ï¼ã¯ã¬ã¸ããã«ã¼ãæ¥­ç­éé éä¿¡ç¨æ©é¢,,,,,,,,,,
65,,9,,,,,,,,,éèåååå¼æ¥­ï¼åååç©åå¼æ¥­,,,,,,,,,,
66,,9,,,,,,,,,è£å©çéèæ¥­ç­,,,,,,,,,,
67,,9,,,,,,,,,ä¿éºæ¥­ï¼ä¿éºåªä»ä»£çæ¥­ï¼ä¿éºãµã¼ãã¹æ¥­ãå«ãï¼,,,,,,,,,,
68,,10,,,,,,,,,,ä¸åç£åå¼æ¥­,,,,,,,,,
69,,10,,,,,,,,,,ä¸åç£è³è²¸æ¥­ã»ç®¡çæ¥­,,,,,,,,,
70,,10,,,,,,,,,,ç©åè³è²¸æ¥­,,,,,,,,,
71,,11,,,,,,,,,,,å­¦è¡ã»éçºç ç©¶æ©é¢,,,,,,,,
72,,11,,,,,,,,,,,å°éãµã¼ãã¹æ¥­ï¼ä»ã«åé¡ãããªããã®ï¼,,,,,,,,
73,,11,,,,,,,,,,,åºåæ¥­,,,,,,,,
74,,11,,,,,,,,,,,æè¡ãµã¼ãã¹æ¥­ï¼ä»ã«åé¡ãããªããã®ï¼,,,,,,,,
75,,12,,,,,,,,,,,,å®¿æ³æ¥­,,,,,,,
76,,12,,,,,,,,,,,,é£²é£åº,,,,,,,
77,,12,,,,,,,,,,,,æã¡å¸°ãã»ééé£²é£ãµã¼ãã¹æ¥­,,,,,,,
78,,13,,,,,,,,,,,,,æ´æ¿¯ã»çå®¹ã»ç¾å®¹ã»æµ´å ´æ¥­,,,,,,
79,,13,,,,,,,,,,,,,ãã®ä»ã®çæ´»é¢é£ãµã¼ãã¹æ¥­,,,,,,
80,,13,,,,,,,,,,,,,å¨¯æ¥½æ¥­,,,,,,
81,,14,,,,,,,,,,,,,,å­¦æ ¡æè²,,,,,
82,,14,,,,,,,,,,,,,,ãã®ä»ã®æè²ï¼å­¦ç¿æ¯æ´æ¥­,,,,,
83,,15,,,,,,,,,,,,,,,å»çæ¥­,,,,
84,,15,,,,,,,,,,,,,,,ä¿å¥è¡ç,,,,
85,,15,,,,,,,,,,,,,,,ç¤¾ä¼ä¿éºã»ç¤¾ä¼ç¦ç¥ã»ä»è­·äºæ¥­,,,,
86,,16,,,,,,,,,,,,,,,,éµä¾¿å±,,,
87,,16,,,,,,,,,,,,,,,,ååçµåï¼ä»ã«åé¡ãããªããã®ï¼,,,
88,,17,,,,,,,,,,,,,,,,,å»æ£ç©å¦çæ¥­,,
89,,17,,,,,,,,,,,,,,,,,èªåè»æ´åæ¥­,,
90,,17,,,,,,,,,,,,,,,,,æ©æ¢°ç­ä¿®çæ¥­ï¼å¥æ²ãé¤ãï¼,,
91,,17,,,,,,,,,,,,,,,,,è·æ¥­ç´¹ä»ã»å´åèæ´¾é£æ¥­,,
92,,17,,,,,,,,,,,,,,,,,ãã®ä»ã®äºæ¥­ãµã¼ãã¹æ¥­,,
93,,17,,,,,,,,,,,,,,,,,æ¿æ²»ã»çµæ¸ã»æåå£ä½,,
94,,17,,,,,,,,,,,,,,,,,å®æ,,
95,,17,,,,,,,,,,,,,,,,,ãã®ä»ã®ãµã¼ãã¹æ¥­,,
96,,17,,,,,,,,,,,,,,,,,å¤å½å¬å,,
97,,18,,,,,,,,,,,,,,,,,,å½å®¶å¬å,
98,,18,,,,,,,,,,,,,,,,,,å°æ¹å¬å,
99,,19,,,,,,,,,,,,,,,,,,,åé¡ä¸è½ã®ç£æ¥­
