産業分類,小分類コード,件数
老人福祉・介護事業,,57
労働者派遣業,,34
食堂，レストラン（専門料理店を除く）,,23
一般土木建築工事業,,21
建物等維持管理業,,19
旅館，ホテル,,18
一般貨物自動車運送業,,17
一般診療所,,13
その他の食料品製造業,,13
自動車・同附属品製造業,,12
その他の社会保険・社会福祉・介護事業,,11
自動車整備業,,10
自動車小売業,,10
その他の飲食料品小売業,,10
その他の電気機械器具製造業,,10
酒場，ビヤホール,,9
一般産業用機械・装置製造業,,9
パン・菓子製造業,,8
金属素形材製品製造業,,8
美容業,,8
金属加工機械製造業,,8
障害者福祉事業,,7
病院,,7
その他の専門サービス業,,6
市町村の機関,,6
警備業,,6
情報処理・提供サービス業,,6
燃料小売業,,6
総合スーパーマーケット,,6
他に分類されない小売業,,6
歯科診療所,,6
児童福祉事業,,6
不動産賃貸業（貸家業，貸間業を除く）,,5
建物売買業，土地売買業,,5
医薬品・化粧品小売業,,5
建築工事業（木造建築工事業を除く）,,5
スポーツ施設提供業,,5
管工事業（さく井工事業を除く）,,4
特定貨物自動車運送業,,4
他に分類されない卸売業,,4
民生用電気機械器具製造業,,4
電子デバイス製造業,,4
金属被覆・彫刻業，熱処理業（ほうろう鉄器を除く）,,4
家具・建具・畳小売業,,4
医療用機械器具・医療用品製造業,,3
造作材・合板・建築用組立材料製造業,,3
高等教育機関,,3
そば・うどん店,,3
その他の設備工事業,,3
その他のはん用機械・同部分品製造業,,3
その他の各種商品小売業,,3
がん具・運動用具製造業,,3
紙製容器製造業,,3
各種物品賃貸業,,3
各種商品卸売業,,3
土木建築サービス業,,3
一般廃棄物処理業,,3
洗濯業,,3
他に分類されない生活関連サービス業,,3
都道府県の機関,,3
管理，補助的経済活動を行う事業所（８９自動車整備業）,,3
計量器・測定器・分析機器・試験機・測量機械器具・理化学機械器,,3
農畜産物・水産物卸売業,,3
電気工事業,,3
調味料製造業,,3
その他の機械器具卸売業,,2
その他の廃棄物処理業,,2
産業用電気機械器具製造業,,2
産業廃棄物処理業,,2
高等学校，中等教育学校,,2
電気通信・信号装置工事業,,2
電子計算機・同附属装置製造業,,2
電子応用装置製造業,,2
配達飲食サービス業,,2
精穀・製粉業,,2
学習塾,,2
機械修理業（電気機械器具を除く）,,2
光学機械器具・レンズ製造業,,2
冠婚葬祭業,,2
書籍・文房具小売業,,2
医療に附帯するサービス業,,2
塗装工事業,,2
土木工事業（舗装工事業を除く）,,2
医薬品・化粧品等卸売業,,2
印刷業,,2
自動車卸売業,,2
建築材料卸売業,,2
家具・建具・じゅう器等卸売業,,2
菓子・パン小売業,,2
その他の生産用機械・同部分品製造業,,1
その他の物品賃貸業,,1
その他のプラスチック製品製造業,,1
その他の宿泊業,,1
セメント・同製品製造業,,1
コンビニエンスストア,,1
その他の金属製品製造業,,1
その他の職別工事業,,1
採石業，砂・砂利・玉石採取業,,1
新聞業,,1
施術業,,1
時計・同部分品製造業,,1
小学校,,1
他に分類されない非営利的団体,,1
不動産管理業,,1
他に分類されない事業サービス業,,1
一般乗用旅客自動車運送業,,1
プラスチック成形材料製造業（廃プラスチックを含む）,,1
労働団体,,1
基礎素材産業用機械製造業,,1
倉庫業（冷蔵倉庫業を除く）,,1
専修学校，各種学校,,1
家具製造業,,1
大工工事業,,1
婦人・子供服小売業,,1
広告業,,1
工業用プラスチック製品製造業,,1
幼稚園,,1
木造建築工事業,,1
有線放送業,,1
板金・金物工事業,,1
建設機械・鉱山機械製造業,,1
教養・技能教授業,,1
経済団体,,1
紙製品製造業,,1
経営コンサルタント業，純粋持株会社,,1
産業機械器具卸売業,,1
生活関連産業用機械製造業,,1
理容業,,1
社会保険労務士事務所,,1
管理，補助的経済活動を行う事業所（５３建築材料，鉱物・金属材,,1
社会教育,,1
管理，補助的経済活動を行う事業所（９２その他の事業サービス業,,1
管理，補助的経済活動を行う事業所（９５その他のサービス業）,,1
航空機・同附属品製造業,,1
舗装工事業,,1
自然科学研究所,,1
職業・教育支援施設,,1
行政機関,,1
貨物運送取扱業（集配利用運送業を除く）,,1
農林水産業協同組合（他に分類されないもの）,,1
製糸業，紡績業，化学繊維・ねん糸等製造業,,1
野菜缶詰・果実缶詰・農産保存食料品製造業,,1
郵便局,,1
貸家業，貸間業,,1
銀行（中央銀行を除く）,,1
金属線製品製造業（ねじ類を除く）,,1
電気計測器製造業,,1
電線・ケーブル製造業,,1
非鉄金属素形材製造業,,1
