hw_code,hw_name,jsco_chu_code,jsco_chu_name,note
001,法人・団体役員,02,法人・団体役員,
002,法人・団体管理職員,03,法人・団体管理職員,
003,その他の管理的職業,04,その他の管理的職業従事者,
003-01,管理的公務員,01,管理的公務員,中分類003のうち管理的公務員は標準01
004,研究者,05,研究者,
005,農林水産技術者,06,農林水産技術者,
006,開発技術者,07,製造技術者（開発）,
007,製造技術者,08,製造技術者（開発を除く）,
008,建築・土木・測量技術者,09,建築・土木・測量技術者,
009,情報処理・通信技術者（ソフトウェア開発）,10,情報処理・通信技術者,標準10を厚労省編で009・010に分割
010,情報処理・通信技術者（ソフトウェア開発を除く）,10,情報処理・通信技術者,標準10を厚労省編で009・010に分割
011,その他の技術の職業,11,その他の技術者,
012,法務の職業,17,法務従事者,
013,経営・金融・保険の専門的職業,18,経営・金融・保険専門職業従事者,
014,宗教家,20,宗教家,
015,著述家、記者、編集者,21,著述家，記者，編集者,
016,美術家、写真家、映像撮影者,22,美術家，デザイナー，写真家，映像撮影者,
017,デザイナー,22,美術家，デザイナー，写真家，映像撮影者,
018,音楽家、舞台芸術家,23,音楽家，舞台芸術家,
019,図書館司書、学芸員、カウンセラー（医療・福祉施設を除く）,24,その他の専門的職業従事者,
020,その他の法務・経営・文化芸術等の専門的職業,24,その他の専門的職業従事者,要確認：内容により17・18の可能性
021,医師、歯科医師、獣医師、薬剤師,12,医師，歯科医師，獣医師，薬剤師,
022,保健師、助産師,13,保健師，助産師，看護師,
023,看護師、准看護師,13,保健師，助産師，看護師,
024,医療技術者,14,医療技術者,
025,栄養士、管理栄養士,15,その他の保健医療従事者,
026,あん摩マッサージ指圧師、はり師、きゅう師、柔道整復師,15,その他の保健医療従事者,
027,その他の医療・看護・保健の専門的職業,15,その他の保健医療従事者,
028,保健医療関係助手,37,保健医療サービス職業従事者,
029,保育士、幼稚園教員,16,社会福祉専門職業従事者,
029-02,幼稚園教員,19,教員,中分類029のうち幼稚園教員は標準19
029-03,保育教諭,19,教員,要確認：認定こども園の保育教諭（平成21年分類に該当項目なし）
030,学童保育等指導員、保育補助者、家庭的保育者,16,社会福祉専門職業従事者,要確認：030-03 保育補助者・家庭的保育者の扱い
031,学校等教員,19,教員,
032,習い事指導等教育関連の職業,24,その他の専門的職業従事者,標準24の個人教師
033,総務・人事・企画事務の職業,25,一般事務従事者,
034,一般事務・秘書・受付の職業,25,一般事務従事者,
035,その他の総務等事務の職業,25,一般事務従事者,
036,電話・インターネットによる応接事務の職業,25,一般事務従事者,
037,医療・介護事務の職業,25,一般事務従事者,
038,会計事務の職業,26,会計事務従事者,
039,生産関連事務の職業,27,生産関連事務従事者,
040,営業・販売関連事務の職業,28,営業・販売事務従事者,
041,外勤事務の職業,29,外勤事務従事者,
042,運輸・郵便事務の職業,30,運輸・郵便事務従事者,
043,コンピュータ等事務用機器操作の職業,31,事務用機器操作員,
044,小売店・卸売店店長,32,商品販売従事者,
045,販売員,32,商品販売従事者,
046,商品仕入・再生資源卸売の職業,32,商品販売従事者,
047,販売類似の職業,33,販売類似職業従事者,
048,営業の職業,34,営業職業従事者,
049,福祉・介護の専門的職業,16,社会福祉専門職業従事者,
050,施設介護の職業,36,介護サービス職業従事者,
051,訪問介護の職業,36,介護サービス職業従事者,
052,家庭生活支援サービスの職業,35,家庭生活支援サービス職業従事者,
053,理容師、美容師、美容関連サービスの職業,38,生活衛生サービス職業従事者,
054,浴場・クリーニングの職業,38,生活衛生サービス職業従事者,
055,飲食物調理の職業,39,飲食物調理従事者,
056,接客・給仕の職業,40,接客・給仕職業従事者,
057,居住施設・ビル等の管理の職業,41,居住施設・ビル等管理人,
058,その他のサービスの職業,42,その他のサービス職業従事者,
059,警備員,45,その他の保安職業従事者,
060,自衛官,43,自衛官,
061,司法警察職員,44,司法警察職員,
062,看守、消防員,45,その他の保安職業従事者,
063,その他の保安の職業,45,その他の保安職業従事者,
064,農業の職業（養畜・動物飼育・植木・造園を含む）,46,農業従事者,
065,林業の職業,47,林業従事者,
066,漁業の職業,48,漁業従事者,
067,生産設備オペレーター（金属製品）,49,生産設備制御・監視従事者（金属製品）,
068,生産設備オペレーター（食料品等）,50,生産設備制御・監視従事者（金属製品を除く）,
069,生産設備オペレーター（金属製品・食料品等を除く）,50,生産設備制御・監視従事者（金属製品を除く）,
070,機械組立設備オペレーター,51,機械組立設備制御・監視従事者,
071,製品製造・加工処理工（金属製品）,52,製品製造・加工処理従事者（金属製品）,
072,製品製造・加工処理工（食料品等）,53,製品製造・加工処理従事者（金属製品を除く）,
073,製品製造・加工処理工（金属製品・食料品等を除く）,53,製品製造・加工処理従事者（金属製品を除く）,
074,機械組立工,54,機械組立従事者,
075,機械整備・修理工,55,機械整備・修理従事者,
076,製品検査工（金属製品）,56,製品検査従事者（金属製品）,
077,製品検査工（食料品等）,57,製品検査従事者（金属製品を除く）,
078,製品検査工（金属製品・食料品等を除く）,57,製品検査従事者（金属製品を除く）,
079,機械検査工,58,機械検査従事者,
080,生産関連の職業（塗装・製図を含む）,59,生産関連・生産類似作業従事者,
081,生産類似の職業,59,生産関連・生産類似作業従事者,
082,配送・集荷の職業,70,運搬従事者,
083,貨物自動車運転の職業,61,自動車運転従事者,
084,バス運転の職業,61,自動車運転従事者,
085,乗用車運転の職業,61,自動車運転従事者,
086,その他の自動車運転の職業,61,自動車運転従事者,
087,鉄道・船舶・航空機運転の職業,62,船舶・航空機運転従事者,
087-01,鉄道運転士,60,鉄道運転従事者,中分類087のうち鉄道運転士は標準60
088,その他の輸送の職業,63,その他の輸送従事者,
088-04,フォークリフト運転作業員,63,その他の輸送従事者,要確認：標準での位置（63・64・70）
089,施設機械設備操作・建設機械運転の職業,64,定置・建設機械運転従事者,
090,建設躯体工事の職業,65,建設躯体工事従事者,
091,建設の職業（建設躯体工事の職業を除く）,66,建設従事者（建設躯体工事従事者を除く）,
092,土木の職業,68,土木作業従事者,
093,採掘の職業,69,採掘従事者,
094,電気・通信工事の職業,67,電気工事従事者,
095,荷役・運搬作業員,70,運搬従事者,
096,清掃・洗浄作業員,71,清掃従事者,
097,包装作業員,72,包装従事者,
098,選別・ピッキング作業員,73,その他の運搬・清掃・包装等従事者,
099,その他の運搬・清掃・包装・選別等の職業,73,その他の運搬・清掃・包装等従事者,
