州コード,国籍・地域コード,国籍・地域,別名
01,001,アフガニスタン,
01,002,アラブ首長国連邦,
01,003,イエメン,
01,004,イスラエル,
01,005,イラク,
01,006,イラン,
01,007,インド,
01,008,インドネシア,
01,009,オマーン,
01,010,カタール,
01,011,韓国,
01,012,（朝鮮）,朝鮮
01,014,カンボジア,
01,015,キプロス,
01,016,クウェート,
01,017,サウジアラビア,
01,018,シリア,
01,019,シンガポール,
01,020,スリランカ,
01,021,タイ,
01,022,台湾,
01,023,中国,
01,026,トルコ,
01,028,ネパール,
01,029,バーレーン,
01,030,パキスタン,
01,031,パレスチナ,
01,032,バングラデシュ,
01,033,東ティモール,
01,034,フィリピン,
01,035,ブータン,
01,036,ブルネイ,
01,037,ベトナム,
01,038,マレーシア,
01,039,ミャンマー,
01,040,モルディブ,
01,041,モンゴル,
01,042,ヨルダン,
01,043,ラオス,
01,044,レバノン,
02,045,アイスランド,
02,046,アイルランド,
02,047,アゼルバイジャン,
02,048,アルバニア,
02,049,アルメニア,
02,050,アンドラ,
02,051,イタリア,
02,052,ウクライナ,
02,053,ウズベキスタン,
02,054,英国,
02,056,エストニア,
02,057,オーストリア,
02,058,オランダ,
02,059,カザフスタン,
02,060,北マケドニア,
02,061,ギリシャ,
02,062,キルギス,
02,063,クロアチア,
02,064,コソボ共和国,
02,065,サンマリノ,
02,066,ジョージア,
02,067,スイス,
02,068,スウェーデン,
02,069,スペイン,
02,070,スロバキア,
02,071,スロベニア,
02,072,セルビア,
02,073,セルビア・モンテネグロ,
02,074,タジキスタン,
02,075,チェコ,
02,077,デンマーク,
02,078,ドイツ,
02,079,トルクメニスタン,
02,080,ノルウェー,
02,082,ハンガリー,
02,083,フィンランド,
02,084,フランス,
02,085,ブルガリア,
02,086,ベラルーシ,
02,087,ベルギー,
02,088,ポーランド,
02,089,ボスニア・ヘルツェゴビナ,
02,090,ポルトガル,
02,091,マルタ,
02,092,モナコ,
02,093,モルドバ,
02,094,モンテネグロ,
02,096,ラトビア,
02,097,リトアニア,
02,098,リヒテンシュタイン,
02,099,ルーマニア,
02,100,ルクセンブルク,
02,101,ロシア,
03,102,アルジェリア,
03,103,アンゴラ,
03,104,ウガンダ,
03,105,エジプト,
03,106,エスワティニ,
03,107,エチオピア,
03,108,エリトリア,
03,109,ガーナ,
03,110,カーボベルデ,
03,111,ガボン,
03,112,カメルーン,
03,113,ガンビア,
03,114,ギニア,
03,115,ギニアビサウ,
03,116,ケニア,
03,117,コートジボワール,
03,118,コモロ,
03,119,コンゴ共和国,
03,120,コンゴ民主共和国,
03,121,サントメ・プリンシペ,
03,122,ザンビア,
03,123,シエラレオネ,
03,124,ジブチ,
03,125,ジンバブエ,
03,126,スーダン,
03,127,セーシェル,
03,128,赤道ギニア,
03,129,セネガル,
03,130,ソマリア,
03,131,タンザニア,
03,132,チャド,
03,133,中央アフリカ,
03,134,チュニジア,
03,135,トーゴ,
03,136,ナイジェリア,
03,137,ナミビア,
03,138,ニジェール,
03,139,ブルキナファソ,
03,140,ブルンジ,
03,141,ベナン,
03,142,ボツワナ,
03,143,マダガスカル,
03,144,マラウイ,
03,145,マリ,
03,146,南アフリカ共和国,
03,147,南スーダン共和国,
03,148,モーリシャス,
03,149,モーリタニア,
03,150,モザンビーク,
03,151,モロッコ,
03,152,リビア,
03,153,リベリア,
03,154,ルワンダ,
03,155,レソト,
04,156,アンティグア・バーブーダ,
04,157,エルサルバドル,
04,158,カナダ,
04,159,キューバ,
04,160,グアテマラ,
04,161,グレナダ,
04,162,コスタリカ,
04,163,ジャマイカ,
04,164,セントクリストファー・ネービス,
04,165,セントビンセント,
04,166,セントルシア,
04,167,ドミニカ,
04,168,ドミニカ共和国,
04,169,トリニダード・トバゴ,
04,170,ニカラグア,
04,171,ハイチ,
04,172,パナマ,
04,173,バハマ,
04,174,バルバドス,
04,175,米国,
04,176,ベリーズ,
04,177,ホンジュラス,
04,178,メキシコ,
05,179,アルゼンチン,
05,180,ウルグアイ,
05,181,エクアドル,
05,182,ガイアナ,
05,183,コロンビア,
05,184,スリナム,
05,185,チリ,
05,186,パラグアイ,
05,187,ブラジル,
05,188,ベネズエラ,
05,189,ペルー,
05,190,ボリビア,
06,191,オーストラリア,
06,193,キリバス,
06,194,サモア,
06,195,ソロモン,
06,197,ツバル,
06,198,トンガ,
06,199,ナウル,
06,201,ニュージーランド,
06,202,バヌアツ,
06,203,パプアニューギニア,
06,204,パラオ,
06,205,フィジー,
06,206,マーシャル,
06,207,ミクロネシア,
07,000,無国籍,
